onset,duration,description
2025-12-02 11:40:38.774026,547.426,BAD_break
2025-12-02 11:40:39.147026,0.0,ret_instr_start
2025-12-02 11:40:40.023026,0.0,ret_instr_start
2025-12-02 11:40:40.941026,0.0,ret_instr_start
2025-12-02 11:41:01.242026,0.0,ret_instr_start
2025-12-02 11:41:03.055026,0.0,prac_start
2025-12-02 11:41:03.883026,0.0,enc_fixation
2025-12-02 11:41:04.908026,0.0,enc_cue
2025-12-02 11:41:06.957026,0.0,enc_act1
2025-12-02 11:41:08.005026,0.0,enc_act2
2025-12-02 11:41:09.054026,0.0,enc_act3
2025-12-02 11:41:10.102026,0.0,enc_target
2025-12-02 11:41:12.097026,0.0,enc_prompt
2025-12-02 11:41:44.853026,0.0,enc_resp
2025-12-02 11:41:45.846026,0.0,enc_fixation
2025-12-02 11:41:46.893026,0.0,enc_cue
2025-12-02 11:42:49.813026,0.0,ret_instr_start
2025-12-02 11:42:50.333026,0.0,ret_instr_start
2025-12-02 11:42:50.605026,0.0,ret_instr_start
2025-12-02 11:42:50.770026,0.0,ret_instr_start
2025-12-02 11:42:50.893026,0.0,ret_instr_start
2025-12-02 11:42:51.038026,0.0,prac_start
2025-12-02 11:42:51.145026,0.0,enc_fixation
2025-12-02 11:42:52.171026,0.0,enc_cue
2025-12-02 11:42:54.220026,0.0,enc_act1
2025-12-02 11:42:55.268026,0.0,enc_act2
2025-12-02 11:42:56.317026,0.0,enc_act3
2025-12-02 11:42:57.366026,0.0,enc_target
2025-12-02 11:42:59.359026,0.0,enc_prompt
2025-12-02 11:45:14.201026,0.0,ret_instr_start
2025-12-02 11:45:14.575026,0.0,ret_instr_start
2025-12-02 11:45:14.929026,0.0,ret_instr_start
2025-12-02 11:45:15.573026,0.0,ret_instr_start
2025-12-02 11:45:17.356026,0.0,ret_instr_start
2025-12-02 11:45:19.502026,0.0,prac_start
2025-12-02 11:47:58.213026,0.0,ret_instr_start
2025-12-02 11:47:59.315026,0.0,ret_instr_start
2025-12-02 11:47:59.550026,0.0,ret_instr_start
2025-12-02 11:47:59.724026,0.0,ret_instr_start
2025-12-02 11:48:00.430026,0.0,ret_instr_start
2025-12-02 11:48:01.436026,0.0,prac_start
2025-12-02 11:48:03.147026,0.0,enc_fixation
2025-12-02 11:48:04.172026,0.0,enc_cue
2025-12-02 11:48:06.221026,0.0,enc_act1
2025-12-02 11:48:07.270026,0.0,enc_act2
2025-12-02 11:48:08.318026,0.0,enc_act3
2025-12-02 11:48:09.367026,0.0,enc_target
2025-12-02 11:48:11.360026,0.0,enc_prompt
2025-12-02 11:48:13.750026,0.0,enc_resp
2025-12-02 11:48:14.743026,0.0,enc_fixation
2025-12-02 11:48:15.789026,0.0,enc_cue
2025-12-02 11:48:17.839026,0.0,enc_act1
2025-12-02 11:48:18.888026,0.0,enc_act2
2025-12-02 11:48:19.938026,0.0,enc_act3
2025-12-02 11:48:20.986026,0.0,enc_target
2025-12-02 11:48:22.978026,0.0,enc_prompt
2025-12-02 11:48:25.215026,0.0,enc_resp
2025-12-02 11:48:26.215026,0.0,enc_fixation
2025-12-02 11:48:27.255026,0.0,enc_cue
2025-12-02 11:48:29.305026,0.0,enc_act1
2025-12-02 11:48:30.354026,0.0,enc_act2
2025-12-02 11:48:31.402026,0.0,enc_act3
2025-12-02 11:48:32.452026,0.0,enc_target
2025-12-02 11:48:34.444026,0.0,enc_prompt
2025-12-02 11:48:36.944026,0.0,enc_resp
2025-12-02 11:48:37.937026,0.0,enc_fixation
2025-12-02 11:48:38.994026,0.0,enc_cue
2025-12-02 11:48:41.050026,0.0,enc_act1
2025-12-02 11:48:42.104026,0.0,enc_act2
2025-12-02 11:48:43.159026,0.0,enc_act3
2025-12-02 11:48:44.216026,0.0,enc_target
2025-12-02 11:48:46.207026,0.0,enc_prompt
2025-12-02 11:48:48.200026,0.0,enc_resp
2025-12-02 11:48:49.193026,0.0,enc_fixation
2025-12-02 11:48:50.251026,0.0,enc_cue
2025-12-02 11:48:52.307026,0.0,enc_act1
2025-12-02 11:48:53.362026,0.0,enc_act2
2025-12-02 11:48:54.419026,0.0,enc_act3
2025-12-02 11:48:55.473026,0.0,enc_target
2025-12-02 11:48:57.464026,0.0,enc_prompt
2025-12-02 11:49:00.207026,0.0,enc_resp
2025-12-02 11:49:01.200026,0.0,enc_fixation
2025-12-02 11:49:02.257026,0.0,enc_cue
2025-12-02 11:49:04.313026,0.0,enc_act1
2025-12-02 11:49:05.369026,0.0,enc_act2
2025-12-02 11:49:06.426026,0.0,enc_act3
2025-12-02 11:49:07.481026,0.0,enc_target
2025-12-02 11:49:09.471026,0.0,enc_prompt
2025-12-02 11:49:13.388026,0.0,enc_resp
2025-12-02 11:49:14.380026,0.0,enc_fixation
2025-12-02 11:49:15.441026,0.0,enc_cue
2025-12-02 11:49:17.504026,0.0,enc_act1
2025-12-02 11:49:18.567026,0.0,enc_act2
2025-12-02 11:49:19.629026,0.0,enc_act3
2025-12-02 11:49:20.693026,0.0,enc_target
2025-12-02 11:49:22.686026,0.0,enc_prompt
2025-12-02 11:49:25.811026,0.0,enc_resp
2025-12-02 11:49:26.804026,0.0,enc_fixation
2025-12-02 11:49:27.863026,0.0,enc_cue
2025-12-02 11:49:29.917026,0.0,enc_act1
2025-12-02 11:49:30.975026,0.0,enc_act2
2025-12-02 11:49:32.029026,0.0,enc_act3
2025-12-02 11:49:33.084026,0.0,enc_target
2025-12-02 11:49:35.074026,0.0,enc_prompt
2025-12-02 11:49:38.179026,0.0,enc_resp
2025-12-02 11:49:39.315026,0.0,prac_end
2025-12-02 11:49:46.200026,0.0,encoding_phase_starts
2025-12-02 11:49:46.218026,0.0,enc_fixation
2025-12-02 11:49:47.256026,0.0,enc_cue
2025-12-02 11:49:49.317026,0.0,enc_act1
2025-12-02 11:49:50.380026,0.0,enc_act2
2025-12-02 11:49:51.443026,0.0,enc_act3
2025-12-02 11:49:52.505026,0.0,enc_target
2025-12-02 11:49:54.498026,0.0,enc_prompt
2025-12-02 11:49:57.331026,0.0,enc_resp
2025-12-02 11:49:57.336026,0.0,enc_fixation
2025-12-02 11:49:58.381026,0.0,enc_cue
2025-12-02 11:50:00.438026,0.0,enc_act1
2025-12-02 11:50:01.494026,0.0,enc_act2
2025-12-02 11:50:02.549026,0.0,enc_act3
2025-12-02 11:50:03.605026,0.0,enc_target
2025-12-02 11:50:05.595026,0.0,enc_prompt
2025-12-02 11:50:09.129026,0.0,enc_resp
2025-12-02 11:50:09.134026,0.0,enc_fixation
2025-12-02 11:50:10.182026,0.0,enc_cue
2025-12-02 11:50:12.239026,0.0,enc_act1
2025-12-02 11:50:13.302026,0.0,enc_act2
2025-12-02 11:50:14.363026,0.0,enc_act3
2025-12-02 11:50:15.419026,0.0,enc_target
2025-12-02 11:50:17.414026,0.0,enc_prompt
2025-12-02 11:50:19.553026,0.0,enc_resp
2025-12-02 11:50:19.557026,0.0,enc_fixation
2025-12-02 11:50:20.604026,0.0,enc_cue
2025-12-02 11:50:22.662026,0.0,enc_act1
2025-12-02 11:50:23.722026,0.0,enc_act2
2025-12-02 11:50:24.779026,0.0,enc_act3
2025-12-02 11:50:25.834026,0.0,enc_target
2025-12-02 11:50:27.824026,0.0,enc_prompt
2025-12-02 11:50:30.060026,0.0,enc_resp
2025-12-02 11:50:30.065026,0.0,enc_fixation
2025-12-02 11:50:31.108026,0.0,enc_cue
2025-12-02 11:50:33.165026,0.0,enc_act1
2025-12-02 11:50:34.222026,0.0,enc_act2
2025-12-02 11:50:35.278026,0.0,enc_act3
2025-12-02 11:50:36.333026,0.0,enc_target
2025-12-02 11:50:38.323026,0.0,enc_prompt
2025-12-02 11:50:41.171026,0.0,enc_resp
2025-12-02 11:50:41.176026,0.0,enc_fixation
2025-12-02 11:50:42.226026,0.0,enc_cue
2025-12-02 11:50:44.287026,0.0,enc_act1
2025-12-02 11:50:45.350026,0.0,enc_act2
2025-12-02 11:50:46.412026,0.0,enc_act3
2025-12-02 11:50:47.475026,0.0,enc_target
2025-12-02 11:50:49.469026,0.0,enc_prompt
2025-12-02 11:50:51.448026,0.0,enc_resp
2025-12-02 11:50:51.453026,0.0,enc_fixation
2025-12-02 11:50:52.497026,0.0,enc_cue
2025-12-02 11:50:54.553026,0.0,enc_act1
2025-12-02 11:50:55.609026,0.0,enc_act2
2025-12-02 11:50:56.664026,0.0,enc_act3
2025-12-02 11:50:57.720026,0.0,enc_target
2025-12-02 11:50:59.712026,0.0,enc_prompt
2025-12-02 11:51:02.400026,0.0,enc_resp
2025-12-02 11:51:02.404026,0.0,enc_fixation
2025-12-02 11:51:03.451026,0.0,enc_cue
2025-12-02 11:51:05.507026,0.0,enc_act1
2025-12-02 11:51:06.565026,0.0,enc_act2
2025-12-02 11:51:07.626026,0.0,enc_act3
2025-12-02 11:51:08.681026,0.0,enc_target
2025-12-02 11:51:10.670026,0.0,enc_prompt
2025-12-02 11:51:13.385026,0.0,enc_resp
2025-12-02 11:51:13.390026,0.0,enc_fixation
2025-12-02 11:51:14.441026,0.0,enc_cue
2025-12-02 11:51:16.511026,0.0,enc_act1
2025-12-02 11:51:17.572026,0.0,enc_act2
2025-12-02 11:51:18.637026,0.0,enc_act3
2025-12-02 11:51:19.700026,0.0,enc_target
2025-12-02 11:51:21.691026,0.0,enc_prompt
2025-12-02 11:51:24.892026,0.0,enc_resp
2025-12-02 11:51:24.897026,0.0,enc_fixation
2025-12-02 11:51:25.942026,0.0,enc_cue
2025-12-02 11:51:27.998026,0.0,enc_act1
2025-12-02 11:51:29.055026,0.0,enc_act2
2025-12-02 11:51:30.110026,0.0,enc_act3
2025-12-02 11:51:31.166026,0.0,enc_target
2025-12-02 11:51:33.156026,0.0,enc_prompt
2025-12-02 11:51:36.968026,0.0,enc_resp
2025-12-02 11:51:36.974026,0.0,enc_fixation
2025-12-02 11:51:38.024026,0.0,enc_cue
2025-12-02 11:51:40.085026,0.0,enc_act1
2025-12-02 11:51:41.146026,0.0,enc_act2
2025-12-02 11:51:42.210026,0.0,enc_act3
2025-12-02 11:51:43.272026,0.0,enc_target
2025-12-02 11:51:45.267026,0.0,enc_prompt
2025-12-02 11:51:47.225026,0.0,enc_resp
2025-12-02 11:51:47.230026,0.0,enc_fixation
2025-12-02 11:51:48.289026,0.0,enc_cue
2025-12-02 11:51:50.359026,0.0,enc_act1
2025-12-02 11:51:51.429026,0.0,enc_act2
2025-12-02 11:51:52.498026,0.0,enc_act3
2025-12-02 11:51:53.568026,0.0,enc_target
2025-12-02 11:51:55.558026,0.0,enc_prompt
2025-12-02 11:51:57.510026,0.0,enc_resp
2025-12-02 11:51:57.515026,0.0,enc_fixation
2025-12-02 11:51:58.560026,0.0,enc_cue
2025-12-02 11:52:00.616026,0.0,enc_act1
2025-12-02 11:52:01.673026,0.0,enc_act2
2025-12-02 11:52:02.728026,0.0,enc_act3
2025-12-02 11:52:03.783026,0.0,enc_target
2025-12-02 11:52:05.773026,0.0,enc_prompt
2025-12-02 11:52:08.892026,0.0,enc_resp
2025-12-02 11:52:08.896026,0.0,enc_fixation
2025-12-02 11:52:09.943026,0.0,enc_cue
2025-12-02 11:52:11.998026,0.0,enc_act1
2025-12-02 11:52:13.053026,0.0,enc_act2
2025-12-02 11:52:14.107026,0.0,enc_act3
2025-12-02 11:52:15.164026,0.0,enc_target
2025-12-02 11:52:17.155026,0.0,enc_prompt
2025-12-02 11:52:20.301026,0.0,enc_resp
2025-12-02 11:52:20.306026,0.0,enc_fixation
2025-12-02 11:52:21.353026,0.0,enc_cue
2025-12-02 11:52:23.409026,0.0,enc_act1
2025-12-02 11:52:24.465026,0.0,enc_act2
2025-12-02 11:52:25.520026,0.0,enc_act3
2025-12-02 11:52:26.581026,0.0,enc_target
2025-12-02 11:52:28.572026,0.0,enc_prompt
2025-12-02 11:52:32.273026,0.0,enc_resp
2025-12-02 11:52:32.278026,0.0,enc_fixation
2025-12-02 11:52:33.323026,0.0,enc_cue
2025-12-02 11:52:35.378026,0.0,enc_act1
2025-12-02 11:52:36.435026,0.0,enc_act2
2025-12-02 11:52:37.491026,0.0,enc_act3
2025-12-02 11:52:38.546026,0.0,enc_target
2025-12-02 11:52:40.537026,0.0,enc_prompt
2025-12-02 11:52:43.398026,0.0,enc_resp
2025-12-02 11:52:43.404026,0.0,enc_fixation
2025-12-02 11:52:44.454026,0.0,enc_cue
2025-12-02 11:52:46.453562,0.5965202982600886,BAD_muscle
2025-12-02 11:52:46.513026,0.0,enc_act1
2025-12-02 11:52:47.569026,0.0,enc_act2
2025-12-02 11:52:48.631026,0.0,enc_act3
2025-12-02 11:52:49.688026,0.0,enc_target
2025-12-02 11:52:51.683026,0.0,enc_prompt
2025-12-02 11:52:54.245026,0.0,enc_resp
2025-12-02 11:52:54.250026,0.0,enc_fixation
2025-12-02 11:52:55.294026,0.0,enc_cue
2025-12-02 11:52:57.352026,0.0,enc_act1
2025-12-02 11:52:58.408026,0.0,enc_act2
2025-12-02 11:52:59.462026,0.0,enc_act3
2025-12-02 11:53:00.518026,0.0,enc_target
2025-12-02 11:53:02.509026,0.0,enc_prompt
2025-12-02 11:53:05.897026,0.0,enc_resp
2025-12-02 11:53:05.903026,0.0,enc_fixation
2025-12-02 11:53:06.948026,0.0,enc_cue
2025-12-02 11:53:09.004026,0.0,enc_act1
2025-12-02 11:53:10.060026,0.0,enc_act2
2025-12-02 11:53:11.116026,0.0,enc_act3
2025-12-02 11:53:12.171026,0.0,enc_target
2025-12-02 11:53:14.161026,0.0,enc_prompt
2025-12-02 11:53:16.988026,0.0,enc_resp
2025-12-02 11:53:16.993026,0.0,enc_fixation
2025-12-02 11:53:18.029026,0.0,enc_cue
2025-12-02 11:53:20.079026,0.0,enc_act1
2025-12-02 11:53:21.128026,0.0,enc_act2
2025-12-02 11:53:22.177026,0.0,enc_act3
2025-12-02 11:53:23.232026,0.0,enc_target
2025-12-02 11:53:25.223026,0.0,enc_prompt
2025-12-02 11:53:29.147026,0.0,enc_resp
2025-12-02 11:53:29.152026,0.0,enc_fixation
2025-12-02 11:53:30.198026,0.0,enc_cue
2025-12-02 11:53:32.255026,0.0,enc_act1
2025-12-02 11:53:33.310026,0.0,enc_act2
2025-12-02 11:53:34.366026,0.0,enc_act3
2025-12-02 11:53:35.425026,0.0,enc_target
2025-12-02 11:53:37.418026,0.0,enc_prompt
2025-12-02 11:53:40.425026,0.0,enc_resp
2025-12-02 11:53:40.431026,0.0,enc_fixation
2025-12-02 11:53:41.478026,0.0,enc_cue
2025-12-02 11:53:43.539026,0.0,enc_act1
2025-12-02 11:53:44.595026,0.0,enc_act2
2025-12-02 11:53:45.651026,0.0,enc_act3
2025-12-02 11:53:46.706026,0.0,enc_target
2025-12-02 11:53:48.695026,0.0,enc_prompt
2025-12-02 11:53:51.119026,0.0,enc_resp
2025-12-02 11:53:51.124026,0.0,enc_fixation
2025-12-02 11:53:52.170026,0.0,enc_cue
2025-12-02 11:53:54.227026,0.0,enc_act1
2025-12-02 11:53:55.292026,0.0,enc_act2
2025-12-02 11:53:56.353026,0.0,enc_act3
2025-12-02 11:53:57.414026,0.0,enc_target
2025-12-02 11:53:59.403026,0.0,enc_prompt
2025-12-02 11:54:01.605026,0.0,enc_resp
2025-12-02 11:54:01.610026,0.0,enc_fixation
2025-12-02 11:54:02.658026,0.0,enc_cue
2025-12-02 11:54:04.718026,0.0,enc_act1
2025-12-02 11:54:05.776026,0.0,enc_act2
2025-12-02 11:54:06.830026,0.0,enc_act3
2025-12-02 11:54:07.887026,0.0,enc_target
2025-12-02 11:54:09.882026,0.0,enc_prompt
2025-12-02 11:54:12.063026,0.0,enc_resp
2025-12-02 11:54:12.068026,0.0,enc_fixation
2025-12-02 11:54:13.117026,0.0,enc_cue
2025-12-02 11:54:15.179026,0.0,enc_act1
2025-12-02 11:54:16.242026,0.0,enc_act2
2025-12-02 11:54:17.305026,0.0,enc_act3
2025-12-02 11:54:18.368026,0.0,enc_target
2025-12-02 11:54:20.361026,0.0,enc_prompt
2025-12-02 11:54:22.980026,0.0,enc_resp
2025-12-02 11:54:22.984026,0.0,enc_fixation
2025-12-02 11:54:24.031026,0.0,enc_cue
2025-12-02 11:54:26.086026,0.0,enc_act1
2025-12-02 11:54:27.142026,0.0,enc_act2
2025-12-02 11:54:28.197026,0.0,enc_act3
2025-12-02 11:54:29.252026,0.0,enc_target
2025-12-02 11:54:31.243026,0.0,enc_prompt
2025-12-02 11:54:33.271026,0.0,enc_resp
2025-12-02 11:54:33.276026,0.0,enc_fixation
2025-12-02 11:54:34.322026,0.0,enc_cue
2025-12-02 11:54:36.378026,0.0,enc_act1
2025-12-02 11:54:37.434026,0.0,enc_act2
2025-12-02 11:54:38.489026,0.0,enc_act3
2025-12-02 11:54:39.545026,0.0,enc_target
2025-12-02 11:54:41.535026,0.0,enc_prompt
2025-12-02 11:54:43.827026,0.0,enc_resp
2025-12-02 11:54:43.832026,0.0,enc_fixation
2025-12-02 11:54:44.879026,0.0,enc_cue
2025-12-02 11:54:46.933026,0.0,enc_act1
2025-12-02 11:54:47.990026,0.0,enc_act2
2025-12-02 11:54:49.043026,0.0,enc_act3
2025-12-02 11:54:50.101026,0.0,enc_target
2025-12-02 11:54:52.090026,0.0,enc_prompt
2025-12-02 11:54:54.597026,0.0,enc_resp
2025-12-02 11:54:54.602026,0.0,enc_fixation
2025-12-02 11:54:55.649026,0.0,enc_cue
2025-12-02 11:54:57.706026,0.0,enc_act1
2025-12-02 11:54:58.768026,0.0,enc_act2
2025-12-02 11:54:59.823026,0.0,enc_act3
2025-12-02 11:55:00.879026,0.0,enc_target
2025-12-02 11:55:02.875026,0.0,enc_prompt
2025-12-02 11:55:05.118026,0.0,enc_resp
2025-12-02 11:55:05.124026,0.0,enc_fixation
2025-12-02 11:55:06.169026,0.0,enc_cue
2025-12-02 11:55:08.227026,0.0,enc_act1
2025-12-02 11:55:09.288026,0.0,enc_act2
2025-12-02 11:55:10.344026,0.0,enc_act3
2025-12-02 11:55:11.399026,0.0,enc_target
2025-12-02 11:55:13.396026,0.0,enc_prompt
2025-12-02 11:55:15.347026,0.0,enc_resp
2025-12-02 11:55:15.353026,0.0,enc_fixation
2025-12-02 11:55:16.399026,0.0,enc_cue
2025-12-02 11:55:18.454026,0.0,enc_act1
2025-12-02 11:55:19.511026,0.0,enc_act2
2025-12-02 11:55:20.573026,0.0,enc_act3
2025-12-02 11:55:21.635026,0.0,enc_target
2025-12-02 11:55:23.624026,0.0,enc_prompt
2025-12-02 11:55:25.375026,0.0,enc_resp
2025-12-02 11:55:25.380026,0.0,enc_fixation
2025-12-02 11:55:26.427026,0.0,enc_cue
2025-12-02 11:55:28.484026,0.0,enc_act1
2025-12-02 11:55:29.055053,1.665285832642894,BAD_muscle
2025-12-02 11:55:29.546026,0.0,enc_act2
2025-12-02 11:55:30.611026,0.0,enc_act3
2025-12-02 11:55:31.671026,0.0,enc_target
2025-12-02 11:55:33.666026,0.0,enc_prompt
2025-12-02 11:55:36.486026,0.0,enc_resp
2025-12-02 11:55:36.490026,0.0,enc_fixation
2025-12-02 11:55:37.542026,0.0,enc_cue
2025-12-02 11:55:39.605026,0.0,enc_act1
2025-12-02 11:55:40.666026,0.0,enc_act2
2025-12-02 11:55:41.730026,0.0,enc_act3
2025-12-02 11:55:42.792026,0.0,enc_target
2025-12-02 11:55:44.784026,0.0,enc_prompt
2025-12-02 11:55:48.360026,0.0,enc_resp
2025-12-02 11:55:48.365026,0.0,enc_fixation
2025-12-02 11:55:49.416026,0.0,enc_cue
2025-12-02 11:55:51.478026,0.0,enc_act1
2025-12-02 11:55:52.542026,0.0,enc_act2
2025-12-02 11:55:53.603026,0.0,enc_act3
2025-12-02 11:55:54.665026,0.0,enc_target
2025-12-02 11:55:56.659026,0.0,enc_prompt
2025-12-02 11:55:58.069026,0.0,enc_resp
2025-12-02 11:55:58.073026,0.0,enc_fixation
2025-12-02 11:55:59.119026,0.0,enc_cue
2025-12-02 11:56:01.178026,0.0,enc_act1
2025-12-02 11:56:02.238026,0.0,enc_act2
2025-12-02 11:56:03.293026,0.0,enc_act3
2025-12-02 11:56:04.347026,0.0,enc_target
2025-12-02 11:56:06.339026,0.0,enc_prompt
2025-12-02 11:56:09.776026,0.0,enc_resp
2025-12-02 11:56:09.781026,0.0,enc_fixation
2025-12-02 11:56:10.830026,0.0,enc_cue
2025-12-02 11:56:12.891026,0.0,enc_act1
2025-12-02 11:56:13.946026,0.0,enc_act2
2025-12-02 11:56:15.003026,0.0,enc_act3
2025-12-02 11:56:16.064026,0.0,enc_target
2025-12-02 11:56:18.054026,0.0,enc_prompt
2025-12-02 11:56:20.526026,0.0,enc_resp
2025-12-02 11:56:20.531026,0.0,enc_fixation
2025-12-02 11:56:21.576026,0.0,enc_cue
2025-12-02 11:56:23.633026,0.0,enc_act1
2025-12-02 11:56:24.687026,0.0,enc_act2
2025-12-02 11:56:25.744026,0.0,enc_act3
2025-12-02 11:56:26.799026,0.0,enc_target
2025-12-02 11:56:28.790026,0.0,enc_prompt
2025-12-02 11:56:30.860026,0.0,enc_resp
2025-12-02 11:56:30.865026,0.0,enc_fixation
2025-12-02 11:56:31.909026,0.0,enc_cue
2025-12-02 11:56:33.965026,0.0,enc_act1
2025-12-02 11:56:35.021026,0.0,enc_act2
2025-12-02 11:56:36.078026,0.0,enc_act3
2025-12-02 11:56:37.132026,0.0,enc_target
2025-12-02 11:56:39.123026,0.0,enc_prompt
2025-12-02 11:56:41.519026,0.0,enc_resp
2025-12-02 11:56:41.524026,0.0,enc_fixation
2025-12-02 11:56:42.573026,0.0,enc_cue
2025-12-02 11:56:44.634026,0.0,enc_act1
2025-12-02 11:56:45.691026,0.0,enc_act2
2025-12-02 11:56:46.752026,0.0,enc_act3
2025-12-02 11:56:47.809026,0.0,enc_target
2025-12-02 11:56:49.797026,0.0,enc_prompt
2025-12-02 11:56:53.158026,0.0,enc_resp
2025-12-02 11:56:53.163026,0.0,enc_fixation
2025-12-02 11:56:54.209026,0.0,enc_cue
2025-12-02 11:56:56.266026,0.0,enc_act1
2025-12-02 11:56:57.322026,0.0,enc_act2
2025-12-02 11:56:58.377026,0.0,enc_act3
2025-12-02 11:56:59.432026,0.0,enc_target
2025-12-02 11:57:01.422026,0.0,enc_prompt
2025-12-02 11:57:03.581026,0.0,enc_resp
2025-12-02 11:57:03.587026,0.0,enc_fixation
2025-12-02 11:57:04.630026,0.0,enc_cue
2025-12-02 11:57:06.686026,0.0,enc_act1
2025-12-02 11:57:07.742026,0.0,enc_act2
2025-12-02 11:57:08.798026,0.0,enc_act3
2025-12-02 11:57:09.853026,0.0,enc_target
2025-12-02 11:57:11.845026,0.0,enc_prompt
2025-12-02 11:57:13.949026,0.0,enc_resp
2025-12-02 11:57:13.955026,0.0,enc_fixation
2025-12-02 11:57:14.999026,0.0,enc_cue
2025-12-02 11:57:17.055026,0.0,enc_act1
2025-12-02 11:57:18.112026,0.0,enc_act2
2025-12-02 11:57:19.167026,0.0,enc_act3
2025-12-02 11:57:20.222026,0.0,enc_target
2025-12-02 11:57:22.213026,0.0,enc_prompt
2025-12-02 11:57:24.317026,0.0,enc_resp
2025-12-02 11:57:24.322026,0.0,enc_fixation
2025-12-02 11:57:25.370026,0.0,enc_cue
2025-12-02 11:57:27.434026,0.0,enc_act1
2025-12-02 11:57:28.498026,0.0,enc_act2
2025-12-02 11:57:29.560026,0.0,enc_act3
2025-12-02 11:57:30.622026,0.0,enc_target
2025-12-02 11:57:32.616026,0.0,enc_prompt
2025-12-02 11:57:34.845026,0.0,enc_resp
2025-12-02 11:57:34.850026,0.0,enc_fixation
2025-12-02 11:57:35.899026,0.0,enc_cue
2025-12-02 11:57:37.957026,0.0,enc_act1
2025-12-02 11:57:39.013026,0.0,enc_act2
2025-12-02 11:57:40.070026,0.0,enc_act3
2025-12-02 11:57:41.126026,0.0,enc_target
2025-12-02 11:57:43.122026,0.0,enc_prompt
2025-12-02 11:57:45.900026,0.0,enc_resp
2025-12-02 11:57:45.905026,0.0,enc_fixation
2025-12-02 11:57:46.952026,0.0,enc_cue
2025-12-02 11:57:49.009026,0.0,enc_act1
2025-12-02 11:57:50.071026,0.0,enc_act2
2025-12-02 11:57:51.128026,0.0,enc_act3
2025-12-02 11:57:52.189026,0.0,enc_target
2025-12-02 11:57:54.185026,0.0,enc_prompt
2025-12-02 11:57:55.976026,0.0,enc_resp
2025-12-02 11:57:55.981026,0.0,enc_fixation
2025-12-02 11:57:57.026026,0.0,enc_cue
2025-12-02 11:57:59.082026,0.0,enc_act1
2025-12-02 11:58:00.138026,0.0,enc_act2
2025-12-02 11:58:01.193026,0.0,enc_act3
2025-12-02 11:58:02.249026,0.0,enc_target
2025-12-02 11:58:04.240026,0.0,enc_prompt
2025-12-02 11:58:06.129026,0.0,enc_resp
2025-12-02 11:58:06.134026,0.0,enc_fixation
2025-12-02 11:58:07.178026,0.0,enc_cue
2025-12-02 11:58:09.237026,0.0,enc_act1
2025-12-02 11:58:10.298026,0.0,enc_act2
2025-12-02 11:58:11.355026,0.0,enc_act3
2025-12-02 11:58:12.410026,0.0,enc_target
2025-12-02 11:58:14.399026,0.0,enc_prompt
2025-12-02 11:58:17.594026,0.0,enc_resp
2025-12-02 11:58:17.599026,0.0,enc_fixation
2025-12-02 11:58:18.650026,0.0,enc_cue
2025-12-02 11:58:20.708026,0.0,enc_act1
2025-12-02 11:58:21.765026,0.0,enc_act2
2025-12-02 11:58:22.821026,0.0,enc_act3
2025-12-02 11:58:23.883026,0.0,enc_target
2025-12-02 11:58:25.879026,0.0,enc_prompt
2025-12-02 11:58:28.580026,0.0,enc_resp
2025-12-02 11:58:28.584026,0.0,enc_fixation
2025-12-02 11:58:29.631026,0.0,enc_cue
2025-12-02 11:58:31.688026,0.0,enc_act1
2025-12-02 11:58:32.744026,0.0,enc_act2
2025-12-02 11:58:33.799026,0.0,enc_act3
2025-12-02 11:58:34.853026,0.0,enc_target
2025-12-02 11:58:36.844026,0.0,enc_prompt
2025-12-02 11:58:39.316026,0.0,enc_resp
2025-12-02 11:58:39.322026,0.0,enc_fixation
2025-12-02 11:58:40.367026,0.0,enc_cue
2025-12-02 11:58:42.422026,0.0,enc_act1
2025-12-02 11:58:43.478026,0.0,enc_act2
2025-12-02 11:58:44.534026,0.0,enc_act3
2025-12-02 11:58:45.589026,0.0,enc_target
2025-12-02 11:58:47.580026,0.0,enc_prompt
2025-12-02 11:58:49.628026,0.0,enc_resp
2025-12-02 11:58:49.634026,0.0,enc_fixation
2025-12-02 11:58:50.684026,0.0,enc_cue
2025-12-02 11:58:52.747026,0.0,enc_act1
2025-12-02 11:58:53.808026,0.0,enc_act2
2025-12-02 11:58:54.870026,0.0,enc_act3
2025-12-02 11:58:55.934026,0.0,enc_target
2025-12-02 11:58:57.927026,0.0,enc_prompt
2025-12-02 11:58:59.420026,0.0,enc_resp
2025-12-02 11:58:59.424026,0.0,enc_fixation
2025-12-02 11:59:00.471026,0.0,enc_cue
2025-12-02 11:59:02.527026,0.0,enc_act1
2025-12-02 11:59:03.583026,0.0,enc_act2
2025-12-02 11:59:04.638026,0.0,enc_act3
2025-12-02 11:59:05.694026,0.0,enc_target
2025-12-02 11:59:07.690026,0.0,enc_prompt
2025-12-02 11:59:10.711026,0.0,enc_resp
2025-12-02 11:59:10.715026,0.0,enc_fixation
2025-12-02 11:59:11.761026,0.0,enc_cue
2025-12-02 11:59:13.817026,0.0,enc_act1
2025-12-02 11:59:14.874026,0.0,enc_act2
2025-12-02 11:59:15.928026,0.0,enc_act3
2025-12-02 11:59:16.984026,0.0,enc_target
2025-12-02 11:59:18.975026,0.0,enc_prompt
2025-12-02 11:59:20.440026,0.0,enc_resp
2025-12-02 11:59:20.445026,0.0,enc_fixation
2025-12-02 11:59:21.491026,0.0,enc_cue
2025-12-02 11:59:23.547026,0.0,enc_act1
2025-12-02 11:59:24.603026,0.0,enc_act2
2025-12-02 11:59:25.659026,0.0,enc_act3
2025-12-02 11:59:26.713026,0.0,enc_target
2025-12-02 11:59:28.704026,0.0,enc_prompt
2025-12-02 11:59:30.413026,0.0,enc_resp
2025-12-02 11:59:30.417026,0.0,enc_fixation
2025-12-02 11:59:31.465026,0.0,enc_cue
2025-12-02 11:59:33.522026,0.0,enc_act1
2025-12-02 11:59:34.584026,0.0,enc_act2
2025-12-02 11:59:35.647026,0.0,enc_act3
2025-12-02 11:59:36.707026,0.0,enc_target
2025-12-02 11:59:38.697026,0.0,enc_prompt
2025-12-02 11:59:40.829026,0.0,enc_resp
2025-12-02 11:59:40.835026,0.0,enc_fixation
2025-12-02 11:59:41.880026,0.0,enc_cue
2025-12-02 11:59:43.935026,0.0,enc_act1
2025-12-02 11:59:44.991026,0.0,enc_act2
2025-12-02 11:59:46.046026,0.0,enc_act3
2025-12-02 11:59:47.103026,0.0,enc_target
2025-12-02 11:59:49.093026,0.0,enc_prompt
2025-12-02 11:59:51.808026,0.0,enc_resp
2025-12-02 11:59:51.813026,0.0,enc_fixation
2025-12-02 11:59:52.859026,0.0,enc_cue
2025-12-02 11:59:54.916026,0.0,enc_act1
2025-12-02 11:59:55.972026,0.0,enc_act2
2025-12-02 11:59:57.035026,0.0,enc_act3
2025-12-02 11:59:58.096026,0.0,enc_target
2025-12-02 12:00:00.092026,0.0,enc_prompt
2025-12-02 12:00:02.231026,0.0,enc_resp
2025-12-02 12:00:02.237026,0.0,enc_fixation
2025-12-02 12:00:03.283026,0.0,enc_cue
2025-12-02 12:00:05.340026,0.0,enc_act1
2025-12-02 12:00:06.396026,0.0,enc_act2
2025-12-02 12:00:07.458026,0.0,enc_act3
2025-12-02 12:00:08.521026,0.0,enc_target
2025-12-02 12:00:10.515026,0.0,enc_prompt
2025-12-02 12:00:13.259026,0.0,enc_resp
2025-12-02 12:00:13.264026,0.0,enc_fixation
2025-12-02 12:00:14.309026,0.0,enc_cue
2025-12-02 12:00:16.365026,0.0,enc_act1
2025-12-02 12:00:17.421026,0.0,enc_act2
2025-12-02 12:00:18.477026,0.0,enc_act3
2025-12-02 12:00:19.532026,0.0,enc_target
2025-12-02 12:00:21.522026,0.0,enc_prompt
2025-12-02 12:00:23.168026,0.0,enc_resp
2025-12-02 12:00:23.173026,0.0,enc_fixation
2025-12-02 12:00:24.220026,0.0,enc_cue
2025-12-02 12:00:26.276026,0.0,enc_act1
2025-12-02 12:00:27.331026,0.0,enc_act2
2025-12-02 12:00:28.386026,0.0,enc_act3
2025-12-02 12:00:29.442026,0.0,enc_target
2025-12-02 12:00:31.432026,0.0,enc_prompt
2025-12-02 12:00:33.870026,0.0,enc_resp
2025-12-02 12:00:33.875026,0.0,enc_fixation
2025-12-02 12:00:34.919026,0.0,enc_cue
2025-12-02 12:00:36.976026,0.0,enc_act1
2025-12-02 12:00:38.031026,0.0,enc_act2
2025-12-02 12:00:39.087026,0.0,enc_act3
2025-12-02 12:00:40.145026,0.0,enc_target
2025-12-02 12:00:42.133026,0.0,enc_prompt
2025-12-02 12:00:43.967026,0.0,enc_resp
2025-12-02 12:00:43.972026,0.0,enc_fixation
2025-12-02 12:00:45.017026,0.0,enc_cue
2025-12-02 12:00:47.072026,0.0,enc_act1
2025-12-02 12:00:48.128026,0.0,enc_act2
2025-12-02 12:00:49.184026,0.0,enc_act3
2025-12-02 12:00:50.239026,0.0,enc_target
2025-12-02 12:00:52.230026,0.0,enc_prompt
2025-12-02 12:00:53.536026,0.0,enc_resp
2025-12-02 12:00:53.540026,0.0,enc_fixation
2025-12-02 12:00:54.590026,0.0,enc_cue
2025-12-02 12:00:56.652026,0.0,enc_act1
2025-12-02 12:00:57.708026,0.0,enc_act2
2025-12-02 12:00:58.770026,0.0,enc_act3
2025-12-02 12:00:59.834026,0.0,enc_target
2025-12-02 12:01:01.827026,0.0,enc_prompt
2025-12-02 12:01:03.869026,0.0,enc_resp
2025-12-02 12:01:03.875026,0.0,enc_fixation
2025-12-02 12:01:04.922026,0.0,enc_cue
2025-12-02 12:01:06.977026,0.0,enc_act1
2025-12-02 12:01:08.040026,0.0,enc_act2
2025-12-02 12:01:09.104026,0.0,enc_act3
2025-12-02 12:01:10.166026,0.0,enc_target
2025-12-02 12:01:12.161026,0.0,enc_prompt
2025-12-02 12:01:14.043026,0.0,enc_resp
2025-12-02 12:01:14.226026,628.064,BAD_distractor
2025-12-02 12:01:14.227026,0.0,encoding_phase_ends
2025-12-02 12:03:20.454026,0.0,dist_start
2025-12-02 12:08:20.466026,0.0,dist_end
2025-12-02 12:11:37.062026,0.0,ret_instr_start
2025-12-02 12:11:38.306026,0.0,ret_instr_start
2025-12-02 12:11:39.525026,0.0,ret_instr_start
2025-12-02 12:11:41.158026,0.0,prac_end
2025-12-02 12:11:42.290026,0.0,retrieval_phase_starts
2025-12-02 12:11:42.312026,0.0,enc_fixation
2025-12-02 12:11:44.321026,0.0,ret_cue
2025-12-02 12:11:46.302026,0.0,ret_q1_onset
2025-12-02 12:11:54.435026,0.0,ret_q1_resp
2025-12-02 12:11:54.451026,0.0,ret_q2_onset
2025-12-02 12:12:01.862652,0.2982601491301011,BAD_muscle
2025-12-02 12:12:02.185026,0.0,ret_q2_resp
2025-12-02 12:12:02.436026,0.0,ret_q3_onset
2025-12-02 12:12:21.282702,1.4747307373654621,BAD_muscle
2025-12-02 12:12:22.095026,0.0,ret_q3_resp
2025-12-02 12:12:22.101026,0.0,enc_fixation
2025-12-02 12:12:24.111026,0.0,ret_cue
2025-12-02 12:12:26.090026,0.0,ret_q1_onset
2025-12-02 12:12:26.684525,0.3231151615575527,BAD_muscle
2025-12-02 12:12:37.858026,0.0,ret_q1_resp
2025-12-02 12:12:37.874026,0.0,enc_fixation
2025-12-02 12:12:39.886026,0.0,ret_cue
2025-12-02 12:12:41.864026,0.0,ret_q1_onset
2025-12-02 12:12:46.345314,0.2738234150135668,BAD_muscle
2025-12-02 12:12:46.519026,0.0,ret_q1_resp
2025-12-02 12:12:46.539026,0.0,ret_q2_onset
2025-12-02 12:12:52.199026,0.0,ret_q2_resp
2025-12-02 12:12:52.454026,0.0,ret_q3_onset
2025-12-02 12:13:00.309026,0.0,ret_q3_resp
2025-12-02 12:13:00.315026,0.0,enc_fixation
2025-12-02 12:13:02.328026,0.0,ret_cue
2025-12-02 12:13:04.308026,0.0,ret_q1_onset
2025-12-02 12:13:06.705026,0.0,ret_q1_resp
2025-12-02 12:13:06.722026,0.0,ret_q2_onset
2025-12-02 12:13:08.671063,0.5891352262412966,BAD_muscle
2025-12-02 12:13:12.490026,0.0,ret_q2_resp
2025-12-02 12:13:12.763026,0.0,ret_q3_onset
2025-12-02 12:13:21.080026,0.0,ret_q3_resp
2025-12-02 12:13:21.086026,0.0,enc_fixation
2025-12-02 12:13:23.099026,0.0,ret_cue
2025-12-02 12:13:25.079026,0.0,ret_q1_onset
2025-12-02 12:13:30.767026,0.0,ret_q1_resp
2025-12-02 12:13:30.785026,0.0,ret_q2_onset
2025-12-02 12:13:34.803026,0.0,ret_q2_resp
2025-12-02 12:13:35.076026,0.0,ret_q3_onset
2025-12-02 12:13:39.191026,0.0,ret_q3_resp
2025-12-02 12:13:39.197026,0.0,enc_fixation
2025-12-02 12:13:41.208026,0.0,ret_cue
2025-12-02 12:13:43.187026,0.0,ret_q1_onset
2025-12-02 12:13:49.802026,0.0,ret_q1_resp
2025-12-02 12:13:49.817026,0.0,enc_fixation
2025-12-02 12:13:51.830026,0.0,ret_cue
2025-12-02 12:13:53.808026,0.0,ret_q1_onset
2025-12-02 12:13:56.767026,0.0,ret_q1_resp
2025-12-02 12:13:56.785026,0.0,ret_q2_onset
2025-12-02 12:14:05.378026,0.0,ret_q2_resp
2025-12-02 12:14:05.636026,0.0,ret_q3_onset
2025-12-02 12:14:13.399026,0.0,ret_q3_resp
2025-12-02 12:14:13.405026,0.0,enc_fixation
2025-12-02 12:14:15.420026,0.0,ret_cue
2025-12-02 12:14:17.398026,0.0,ret_q1_onset
2025-12-02 12:14:24.301026,0.0,ret_q1_resp
2025-12-02 12:14:24.316026,0.0,ret_q2_onset
2025-12-02 12:14:28.891026,0.0,ret_q2_resp
2025-12-02 12:14:29.157026,0.0,ret_q3_onset
2025-12-02 12:14:35.044026,0.0,ret_q3_resp
2025-12-02 12:14:35.050026,0.0,enc_fixation
2025-12-02 12:14:37.064026,0.0,ret_cue
2025-12-02 12:14:39.045026,0.0,ret_q1_onset
2025-12-02 12:14:45.176026,0.0,ret_q1_resp
2025-12-02 12:14:45.196026,0.0,ret_q2_onset
2025-12-02 12:14:48.704026,0.0,ret_q2_resp
2025-12-02 12:14:48.981026,0.0,ret_q3_onset
2025-12-02 12:14:57.724026,0.0,ret_q3_resp
2025-12-02 12:14:57.729026,0.0,enc_fixation
2025-12-02 12:14:59.748026,0.0,ret_cue
2025-12-02 12:15:01.726026,0.0,ret_q1_onset
2025-12-02 12:15:04.537026,0.0,ret_q1_resp
2025-12-02 12:15:04.556026,0.0,enc_fixation
2025-12-02 12:15:06.569026,0.0,ret_cue
2025-12-02 12:15:07.313744,0.3982886036560558,BAD_muscle
2025-12-02 12:15:08.547026,0.0,ret_q1_onset
2025-12-02 12:15:09.683026,0.0,ret_q1_resp
2025-12-02 12:15:09.698026,0.0,ret_q2_onset
2025-12-02 12:15:11.235046,0.3153118112281845,BAD_muscle
2025-12-02 12:15:14.411026,0.0,ret_q2_resp
2025-12-02 12:15:14.668026,0.0,ret_q3_onset
2025-12-02 12:15:27.238026,0.0,ret_q3_resp
2025-12-02 12:15:27.243026,0.0,enc_fixation
2025-12-02 12:15:29.255026,0.0,ret_cue
2025-12-02 12:15:31.234026,0.0,ret_q1_onset
2025-12-02 12:15:33.495026,0.0,ret_q1_resp
2025-12-02 12:15:33.512026,0.0,ret_q2_onset
2025-12-02 12:15:42.008026,0.0,ret_q2_resp
2025-12-02 12:15:42.262026,0.0,ret_q3_onset
2025-12-02 12:15:48.168026,0.0,ret_q3_resp
2025-12-02 12:15:48.173026,0.0,enc_fixation
2025-12-02 12:15:50.193026,0.0,ret_cue
2025-12-02 12:15:52.173026,0.0,ret_q1_onset
2025-12-02 12:15:54.529026,0.0,ret_q1_resp
2025-12-02 12:15:54.551026,0.0,ret_q2_onset
2025-12-02 12:16:03.223026,0.0,ret_q2_resp
2025-12-02 12:16:03.539026,0.0,ret_q3_onset
2025-12-02 12:16:11.612026,0.0,ret_q3_resp
2025-12-02 12:16:11.616026,0.0,enc_fixation
2025-12-02 12:16:13.631026,0.0,ret_cue
2025-12-02 12:16:15.614026,0.0,ret_q1_onset
2025-12-02 12:16:18.772026,0.0,ret_q1_resp
2025-12-02 12:16:18.789026,0.0,ret_q2_onset
2025-12-02 12:16:20.529026,0.0,ret_q2_resp
2025-12-02 12:16:20.801026,0.0,ret_q3_onset
2025-12-02 12:16:27.327026,0.0,ret_q3_resp
2025-12-02 12:16:27.333026,0.0,enc_fixation
2025-12-02 12:16:29.348026,0.0,ret_cue
2025-12-02 12:16:29.741464,0.5061584338131979,BAD_muscle
2025-12-02 12:16:31.327026,0.0,ret_q1_onset
2025-12-02 12:16:32.243026,0.0,ret_q1_resp
2025-12-02 12:16:32.261026,0.0,ret_q2_onset
2025-12-02 12:16:34.924026,0.0,ret_q2_resp
2025-12-02 12:16:35.193026,0.0,ret_q3_onset
2025-12-02 12:16:38.722026,0.0,ret_q3_resp
2025-12-02 12:16:38.727026,0.0,enc_fixation
2025-12-02 12:16:40.741026,0.0,ret_cue
2025-12-02 12:16:42.722026,0.0,ret_q1_onset
2025-12-02 12:16:47.883026,0.0,ret_q1_resp
2025-12-02 12:16:47.901026,0.0,ret_q2_onset
2025-12-02 12:16:51.340026,0.0,ret_q2_resp
2025-12-02 12:16:51.601026,0.0,ret_q3_onset
2025-12-02 12:16:55.195026,0.0,ret_q3_resp
2025-12-02 12:16:55.199026,0.0,enc_fixation
2025-12-02 12:16:57.213026,0.0,ret_cue
2025-12-02 12:16:59.193026,0.0,ret_q1_onset
2025-12-02 12:17:01.327026,0.0,ret_q1_resp
2025-12-02 12:17:01.343026,0.0,ret_q2_onset
2025-12-02 12:17:05.090026,0.0,ret_q2_resp
2025-12-02 12:17:05.345026,0.0,ret_q3_onset
2025-12-02 12:17:10.729026,0.0,ret_q3_resp
2025-12-02 12:17:10.735026,0.0,enc_fixation
2025-12-02 12:17:12.748026,0.0,ret_cue
2025-12-02 12:17:14.727026,0.0,ret_q1_onset
2025-12-02 12:17:17.146026,0.0,ret_q1_resp
2025-12-02 12:17:17.163026,0.0,ret_q2_onset
2025-12-02 12:17:20.069026,0.0,ret_q2_resp
2025-12-02 12:17:20.333026,0.0,ret_q3_onset
2025-12-02 12:17:30.035026,0.0,ret_q3_resp
2025-12-02 12:17:30.040026,0.0,enc_fixation
2025-12-02 12:17:32.055026,0.0,ret_cue
2025-12-02 12:17:34.034026,0.0,ret_q1_onset
2025-12-02 12:17:39.694026,0.0,ret_q1_resp
2025-12-02 12:17:39.712026,0.0,ret_q2_onset
2025-12-02 12:17:41.687026,0.0,ret_q2_resp
2025-12-02 12:17:41.945026,0.0,ret_q3_onset
2025-12-02 12:17:53.207026,0.0,ret_q3_resp
2025-12-02 12:17:53.214026,0.0,enc_fixation
2025-12-02 12:17:55.224026,0.0,ret_cue
2025-12-02 12:17:57.207026,0.0,ret_q1_onset
2025-12-02 12:17:58.506026,0.0,ret_q1_resp
2025-12-02 12:17:58.525026,0.0,ret_q2_onset
2025-12-02 12:18:09.138026,0.0,ret_q2_resp
2025-12-02 12:18:09.407026,0.0,ret_q3_onset
2025-12-02 12:18:17.617026,0.0,ret_q3_resp
2025-12-02 12:18:17.623026,0.0,enc_fixation
2025-12-02 12:18:19.636026,0.0,ret_cue
2025-12-02 12:18:21.618026,0.0,ret_q1_onset
2025-12-02 12:18:27.929026,0.0,ret_q1_resp
2025-12-02 12:18:27.947026,0.0,ret_q2_onset
2025-12-02 12:18:32.131026,0.0,ret_q2_resp
2025-12-02 12:18:32.397026,0.0,ret_q3_onset
2025-12-02 12:18:39.387026,0.0,ret_q3_resp
2025-12-02 12:18:39.393026,0.0,enc_fixation
2025-12-02 12:18:41.410026,0.0,ret_cue
2025-12-02 12:18:43.389026,0.0,ret_q1_onset
2025-12-02 12:18:45.755026,0.0,ret_q1_resp
2025-12-02 12:18:45.775026,0.0,ret_q2_onset
2025-12-02 12:18:48.929026,0.0,ret_q2_resp
2025-12-02 12:18:49.204026,0.0,ret_q3_onset
2025-12-02 12:18:55.665026,0.0,ret_q3_resp
2025-12-02 12:18:55.671026,0.0,enc_fixation
2025-12-02 12:18:57.682026,0.0,ret_cue
2025-12-02 12:18:58.010749,0.4563723583560204,BAD_muscle
2025-12-02 12:18:59.664026,0.0,ret_q1_onset
2025-12-02 12:19:03.283026,0.0,ret_q1_resp
2025-12-02 12:19:03.298026,0.0,enc_fixation
2025-12-02 12:19:05.304026,0.0,ret_cue
2025-12-02 12:19:07.283026,0.0,ret_q1_onset
2025-12-02 12:19:11.186026,0.0,ret_q1_resp
2025-12-02 12:19:11.200026,0.0,enc_fixation
2025-12-02 12:19:13.213026,0.0,ret_cue
2025-12-02 12:19:15.191026,0.0,ret_q1_onset
2025-12-02 12:19:16.811026,0.0,ret_q1_resp
2025-12-02 12:19:16.827026,0.0,ret_q2_onset
2025-12-02 12:19:22.033026,0.0,ret_q2_resp
2025-12-02 12:19:22.292026,0.0,ret_q3_onset
2025-12-02 12:19:27.428026,0.0,ret_q3_resp
2025-12-02 12:19:27.434026,0.0,enc_fixation
2025-12-02 12:19:29.440349,1.8088940749385074,BAD_muscle
2025-12-02 12:19:29.449026,0.0,ret_cue
2025-12-02 12:19:31.427026,0.0,ret_q1_onset
2025-12-02 12:19:37.942026,0.0,ret_q1_resp
2025-12-02 12:19:37.959026,0.0,ret_q2_onset
2025-12-02 12:19:40.324026,0.0,ret_q2_resp
2025-12-02 12:19:40.587026,0.0,ret_q3_onset
2025-12-02 12:19:42.955026,0.0,ret_q3_resp
2025-12-02 12:19:42.961026,0.0,enc_fixation
2025-12-02 12:19:44.967026,0.0,ret_cue
2025-12-02 12:19:46.952026,0.0,ret_q1_onset
2025-12-02 12:19:48.629026,0.0,ret_q1_resp
2025-12-02 12:19:48.644026,0.0,enc_fixation
2025-12-02 12:19:50.657026,0.0,ret_cue
2025-12-02 12:19:52.636026,0.0,ret_q1_onset
2025-12-02 12:19:53.449026,0.0,ret_q1_resp
2025-12-02 12:19:53.466026,0.0,ret_q2_onset
2025-12-02 12:19:55.997026,0.0,ret_q2_resp
2025-12-02 12:19:56.261026,0.0,ret_q3_onset
2025-12-02 12:19:59.212026,0.0,ret_q3_resp
2025-12-02 12:19:59.217026,0.0,enc_fixation
2025-12-02 12:20:01.231026,0.0,ret_cue
2025-12-02 12:20:01.892961,0.2987164527421555,BAD_muscle
2025-12-02 12:20:03.211026,0.0,ret_q1_onset
2025-12-02 12:20:10.455026,0.0,ret_q1_resp
2025-12-02 12:20:10.473026,0.0,ret_q2_onset
2025-12-02 12:20:13.060026,0.0,ret_q2_resp
2025-12-02 12:20:13.325026,0.0,ret_q3_onset
2025-12-02 12:20:20.865026,0.0,ret_q3_resp
2025-12-02 12:20:20.870026,0.0,enc_fixation
2025-12-02 12:20:22.884026,0.0,ret_cue
2025-12-02 12:20:24.864026,0.0,ret_q1_onset
2025-12-02 12:20:28.684026,0.0,ret_q1_resp
2025-12-02 12:20:28.700026,0.0,ret_q2_onset
2025-12-02 12:20:30.406026,0.0,ret_q2_resp
2025-12-02 12:20:30.671026,0.0,ret_q3_onset
2025-12-02 12:20:36.601026,0.0,ret_q3_resp
2025-12-02 12:20:36.607026,0.0,enc_fixation
2025-12-02 12:20:38.614026,0.0,ret_cue
2025-12-02 12:20:40.600026,0.0,ret_q1_onset
2025-12-02 12:20:43.282026,0.0,ret_q1_resp
2025-12-02 12:20:43.299026,0.0,enc_fixation
2025-12-02 12:20:45.317026,0.0,ret_cue
2025-12-02 12:20:47.294026,0.0,ret_q1_onset
2025-12-02 12:20:49.246026,0.0,ret_q1_resp
2025-12-02 12:20:49.265026,0.0,ret_q2_onset
2025-12-02 12:20:52.386026,0.0,ret_q2_resp
2025-12-02 12:20:52.651026,0.0,ret_q3_onset
2025-12-02 12:20:56.135026,0.0,ret_q3_resp
2025-12-02 12:20:56.141026,0.0,enc_fixation
2025-12-02 12:20:58.154026,0.0,ret_cue
2025-12-02 12:21:00.132026,0.0,ret_q1_onset
2025-12-02 12:21:02.017026,0.0,ret_q1_resp
2025-12-02 12:21:02.034026,0.0,ret_q2_onset
2025-12-02 12:21:04.517026,0.0,ret_q2_resp
2025-12-02 12:21:04.772026,0.0,ret_q3_onset
2025-12-02 12:21:14.065026,0.0,ret_q3_resp
2025-12-02 12:21:14.070026,0.0,enc_fixation
2025-12-02 12:21:16.083026,0.0,ret_cue
2025-12-02 12:21:18.064026,0.0,ret_q1_onset
2025-12-02 12:21:19.718026,0.0,ret_q1_resp
2025-12-02 12:21:19.735026,0.0,ret_q2_onset
2025-12-02 12:21:23.204026,0.0,ret_q2_resp
2025-12-02 12:21:23.462026,0.0,ret_q3_onset
2025-12-02 12:21:26.933026,0.0,ret_q3_resp
2025-12-02 12:21:26.938026,0.0,enc_fixation
2025-12-02 12:21:28.419734,1.4769869052252034,BAD_muscle
2025-12-02 12:21:28.951026,0.0,ret_cue
2025-12-02 12:21:30.932026,0.0,ret_q1_onset
2025-12-02 12:21:31.891026,0.0,ret_q1_resp
2025-12-02 12:21:31.909026,0.0,ret_q2_onset
2025-12-02 12:21:36.593026,0.0,ret_q2_resp
2025-12-02 12:21:36.855026,0.0,ret_q3_onset
2025-12-02 12:21:44.738026,0.0,ret_q3_resp
2025-12-02 12:21:44.744026,0.0,enc_fixation
2025-12-02 12:21:46.757026,0.0,ret_cue
2025-12-02 12:21:48.736026,0.0,ret_q1_onset
2025-12-02 12:21:50.676026,0.0,ret_q1_resp
2025-12-02 12:21:50.691026,0.0,ret_q2_onset
2025-12-02 12:21:53.877026,0.0,ret_q2_resp
2025-12-02 12:21:54.138026,0.0,ret_q3_onset
2025-12-02 12:21:59.877026,0.0,ret_q3_resp
2025-12-02 12:21:59.883026,0.0,enc_fixation
2025-12-02 12:22:01.894026,0.0,ret_cue
2025-12-02 12:22:03.872026,0.0,ret_q1_onset
2025-12-02 12:22:07.419026,0.0,ret_q1_resp
2025-12-02 12:22:07.433026,0.0,enc_fixation
2025-12-02 12:22:09.443026,0.0,ret_cue
2025-12-02 12:22:11.421026,0.0,ret_q1_onset
2025-12-02 12:22:13.717026,0.0,ret_q1_resp
2025-12-02 12:22:13.733026,0.0,enc_fixation
2025-12-02 12:22:15.743026,0.0,ret_cue
2025-12-02 12:22:17.722026,0.0,ret_q1_onset
2025-12-02 12:22:18.252026,0.0,ret_q1_resp
2025-12-02 12:22:18.270026,0.0,ret_q2_onset
2025-12-02 12:22:21.530026,0.0,ret_q2_resp
2025-12-02 12:22:21.795026,0.0,ret_q3_onset
2025-12-02 12:22:26.661026,0.0,ret_q3_resp
2025-12-02 12:22:26.667026,0.0,enc_fixation
2025-12-02 12:22:28.682026,0.0,ret_cue
2025-12-02 12:22:30.658026,0.0,ret_q1_onset
2025-12-02 12:22:32.912026,0.0,ret_q1_resp
2025-12-02 12:22:32.928026,0.0,ret_q2_onset
2025-12-02 12:22:35.404026,0.0,ret_q2_resp
2025-12-02 12:22:35.660026,0.0,ret_q3_onset
2025-12-02 12:22:41.140026,0.0,ret_q3_resp
2025-12-02 12:22:41.146026,0.0,enc_fixation
2025-12-02 12:22:43.162026,0.0,ret_cue
2025-12-02 12:22:45.141026,0.0,ret_q1_onset
2025-12-02 12:22:47.203026,0.0,ret_q1_resp
2025-12-02 12:22:47.221026,0.0,ret_q2_onset
2025-12-02 12:22:52.565026,0.0,ret_q2_resp
2025-12-02 12:22:52.825026,0.0,ret_q3_onset
2025-12-02 12:22:57.608960,1.5931544146246779,BAD_muscle
2025-12-02 12:23:01.876026,0.0,ret_q3_resp
2025-12-02 12:23:01.881026,0.0,enc_fixation
2025-12-02 12:23:03.894026,0.0,ret_cue
2025-12-02 12:23:05.873026,0.0,ret_q1_onset
2025-12-02 12:23:08.390026,0.0,ret_q1_resp
2025-12-02 12:23:08.406026,0.0,ret_q2_onset
2025-12-02 12:23:08.438026,0.0,ret_q2_resp
2025-12-02 12:23:08.697026,0.0,ret_q3_onset
2025-12-02 12:23:19.334026,0.0,ret_q3_resp
2025-12-02 12:23:19.340026,0.0,enc_fixation
2025-12-02 12:23:21.353026,0.0,ret_cue
2025-12-02 12:23:23.332026,0.0,ret_q1_onset
2025-12-02 12:23:32.369026,0.0,ret_q1_resp
2025-12-02 12:23:32.385026,0.0,ret_q2_onset
2025-12-02 12:23:35.459026,0.0,ret_q2_resp
2025-12-02 12:23:35.722026,0.0,ret_q3_onset
2025-12-02 12:23:42.494026,0.0,ret_q3_resp
2025-12-02 12:23:42.500026,0.0,enc_fixation
2025-12-02 12:23:44.518026,0.0,ret_cue
2025-12-02 12:23:46.495026,0.0,ret_q1_onset
2025-12-02 12:23:47.632026,0.0,ret_q1_resp
2025-12-02 12:23:47.651026,0.0,ret_q2_onset
2025-12-02 12:23:49.841026,0.0,ret_q2_resp
2025-12-02 12:23:50.118026,0.0,ret_q3_onset
2025-12-02 12:23:52.993026,0.0,ret_q3_resp
2025-12-02 12:23:52.998026,0.0,enc_fixation
2025-12-02 12:23:55.013026,0.0,ret_cue
2025-12-02 12:23:56.993026,0.0,ret_q1_onset
2025-12-02 12:24:02.889026,0.0,ret_q1_resp
2025-12-02 12:24:02.907026,0.0,ret_q2_onset
2025-12-02 12:24:04.717026,0.0,ret_q2_resp
2025-12-02 12:24:04.978026,0.0,ret_q3_onset
2025-12-02 12:24:10.576026,0.0,ret_q3_resp
2025-12-02 12:24:10.582026,0.0,enc_fixation
2025-12-02 12:24:12.591026,0.0,ret_cue
2025-12-02 12:24:14.572026,0.0,ret_q1_onset
2025-12-02 12:24:21.062026,0.0,ret_q1_resp
2025-12-02 12:24:21.074026,0.0,enc_fixation
2025-12-02 12:24:23.088026,0.0,ret_cue
2025-12-02 12:24:25.077026,0.0,ret_q1_onset
2025-12-02 12:24:26.145026,0.0,ret_q1_resp
2025-12-02 12:24:26.169026,0.0,enc_fixation
2025-12-02 12:24:28.179026,0.0,ret_cue
2025-12-02 12:24:30.157026,0.0,ret_q1_onset
2025-12-02 12:24:31.035026,0.0,ret_q1_resp
2025-12-02 12:24:31.052026,0.0,ret_q2_onset
2025-12-02 12:24:34.007026,0.0,ret_q2_resp
2025-12-02 12:24:34.270026,0.0,ret_q3_onset
2025-12-02 12:24:37.742026,0.0,ret_q3_resp
2025-12-02 12:24:37.747026,0.0,enc_fixation
2025-12-02 12:24:39.766026,0.0,ret_cue
2025-12-02 12:24:41.741026,0.0,ret_q1_onset
2025-12-02 12:24:42.390822,0.514456113055985,BAD_muscle
2025-12-02 12:24:44.312026,0.0,ret_q1_resp
2025-12-02 12:24:44.330026,0.0,ret_q2_onset
2025-12-02 12:24:45.618619,1.2944379618825224,BAD_muscle
2025-12-02 12:24:47.805026,0.0,ret_q2_resp
2025-12-02 12:24:48.068026,0.0,ret_q3_onset
2025-12-02 12:24:53.860026,0.0,ret_q3_resp
2025-12-02 12:24:53.865026,0.0,enc_fixation
2025-12-02 12:24:55.873026,0.0,ret_cue
2025-12-02 12:24:57.862026,0.0,ret_q1_onset
2025-12-02 12:24:59.144026,0.0,ret_q1_resp
2025-12-02 12:24:59.159026,0.0,enc_fixation
2025-12-02 12:25:01.169026,0.0,ret_cue
2025-12-02 12:25:03.148026,0.0,ret_q1_onset
2025-12-02 12:25:05.374026,0.0,ret_q1_resp
2025-12-02 12:25:05.389026,0.0,ret_q2_onset
2025-12-02 12:25:07.388026,0.0,ret_q2_resp
2025-12-02 12:25:07.647026,0.0,ret_q3_onset
2025-12-02 12:25:09.583026,0.0,ret_q3_resp
2025-12-02 12:25:09.587026,0.0,enc_fixation
2025-12-02 12:25:11.599026,0.0,ret_cue
2025-12-02 12:25:13.579026,0.0,ret_q1_onset
2025-12-02 12:25:16.665026,0.0,ret_q1_resp
2025-12-02 12:25:16.682026,0.0,ret_q2_onset
2025-12-02 12:25:18.957026,0.0,ret_q2_resp
2025-12-02 12:25:19.212026,0.0,ret_q3_onset
2025-12-02 12:25:25.416026,0.0,ret_q3_resp
2025-12-02 12:25:25.421026,0.0,enc_fixation
2025-12-02 12:25:27.434026,0.0,ret_cue
2025-12-02 12:25:29.413026,0.0,ret_q1_onset
2025-12-02 12:25:35.464026,0.0,ret_q1_resp
2025-12-02 12:25:35.480026,0.0,ret_q2_onset
2025-12-02 12:25:42.822301,1.5599636976535294,BAD_muscle
2025-12-02 12:25:44.978026,0.0,ret_q2_resp
2025-12-02 12:25:45.236026,0.0,ret_q3_onset
2025-12-02 12:25:50.089026,0.0,ret_q3_resp
2025-12-02 12:25:50.094026,0.0,enc_fixation
2025-12-02 12:25:52.108026,0.0,ret_cue
2025-12-02 12:25:54.086026,0.0,ret_q1_onset
2025-12-02 12:25:54.727026,0.0,ret_q1_resp
2025-12-02 12:25:54.745026,0.0,ret_q2_onset
2025-12-02 12:25:55.529743,1.8835731881240463,BAD_muscle
2025-12-02 12:25:58.207026,0.0,ret_q2_resp
2025-12-02 12:25:58.478026,0.0,ret_q3_onset
2025-12-02 12:26:06.082026,0.0,ret_q3_resp
2025-12-02 12:26:06.086026,0.0,enc_fixation
2025-12-02 12:26:08.101026,0.0,ret_cue
2025-12-02 12:26:10.082026,0.0,ret_q1_onset
2025-12-02 12:26:12.366026,0.0,ret_q1_resp
2025-12-02 12:26:12.383026,0.0,ret_q2_onset
2025-12-02 12:26:16.095026,0.0,ret_q2_resp
2025-12-02 12:26:16.366026,0.0,ret_q3_onset
2025-12-02 12:26:25.046026,0.0,ret_q3_resp
2025-12-02 12:26:25.052026,0.0,enc_fixation
2025-12-02 12:26:27.067026,0.0,ret_cue
2025-12-02 12:26:29.045026,0.0,ret_q1_onset
2025-12-02 12:26:32.123026,0.0,ret_q1_resp
2025-12-02 12:26:32.141026,0.0,ret_q2_onset
2025-12-02 12:26:34.720026,0.0,ret_q2_resp
2025-12-02 12:26:34.987026,0.0,ret_q3_onset
2025-12-02 12:26:40.338026,0.0,ret_q3_resp
2025-12-02 12:26:40.344026,0.0,enc_fixation
2025-12-02 12:26:42.358026,0.0,ret_cue
2025-12-02 12:26:44.337026,0.0,ret_q1_onset
2025-12-02 12:26:47.415026,0.0,ret_q1_resp
2025-12-02 12:26:47.430026,0.0,ret_q2_onset
2025-12-02 12:26:49.025026,0.0,ret_q2_resp
2025-12-02 12:26:49.286026,0.0,ret_q3_onset
2025-12-02 12:26:51.213026,0.0,ret_q3_resp
2025-12-02 12:26:51.219026,0.0,enc_fixation
2025-12-02 12:26:53.232026,0.0,ret_cue
2025-12-02 12:26:55.211026,0.0,ret_q1_onset
2025-12-02 12:26:59.344026,0.0,ret_q1_resp
2025-12-02 12:26:59.361026,0.0,ret_q2_onset
2025-12-02 12:27:01.623026,0.0,ret_q2_resp
2025-12-02 12:27:01.877026,0.0,ret_q3_onset
2025-12-02 12:27:08.622026,0.0,ret_q3_resp
2025-12-02 12:27:08.627026,0.0,enc_fixation
2025-12-02 12:27:10.641026,0.0,ret_cue
2025-12-02 12:27:12.621026,0.0,ret_q1_onset
2025-12-02 12:27:17.309026,0.0,ret_q1_resp
2025-12-02 12:27:17.327026,0.0,ret_q2_onset
2025-12-02 12:27:20.733026,0.0,ret_q2_resp
2025-12-02 12:27:21.004026,0.0,ret_q3_onset
2025-12-02 12:27:22.297149,1.9250615843384367,BAD_muscle
2025-12-02 12:27:29.927026,0.0,ret_q3_resp
2025-12-02 12:27:29.932026,0.0,enc_fixation
2025-12-02 12:27:31.942026,0.0,ret_cue
2025-12-02 12:27:33.923026,0.0,ret_q1_onset
2025-12-02 12:27:35.942026,0.0,ret_q1_resp
2025-12-02 12:27:35.957026,0.0,enc_fixation
2025-12-02 12:27:37.967026,0.0,ret_cue
2025-12-02 12:27:39.947026,0.0,ret_q1_onset
2025-12-02 12:27:40.554636,1.012316867625941,BAD_muscle
2025-12-02 12:27:41.906026,0.0,ret_q1_resp
2025-12-02 12:27:41.925026,0.0,ret_q2_onset
2025-12-02 12:27:42.147791,1.3110333203680966,BAD_muscle
2025-12-02 12:27:44.698026,0.0,ret_q2_resp
2025-12-02 12:27:44.961026,0.0,ret_q3_onset
2025-12-02 12:27:51.205026,0.0,ret_q3_resp
2025-12-02 12:27:51.211026,0.0,enc_fixation
2025-12-02 12:27:53.224026,0.0,ret_cue
2025-12-02 12:27:55.204026,0.0,ret_q1_onset
2025-12-02 12:27:55.836026,0.0,ret_q1_resp
2025-12-02 12:27:55.854026,0.0,ret_q2_onset
2025-12-02 12:27:57.455026,0.0,ret_q2_resp
2025-12-02 12:27:57.719026,0.0,ret_q3_onset
2025-12-02 12:28:00.190026,0.0,ret_q3_resp
2025-12-02 12:28:00.195026,0.0,enc_fixation
2025-12-02 12:28:02.205026,0.0,ret_cue
2025-12-02 12:28:04.186026,0.0,ret_q1_onset
2025-12-02 12:28:05.698026,0.0,ret_q1_resp
2025-12-02 12:28:05.714026,0.0,enc_fixation
2025-12-02 12:28:07.722026,0.0,ret_cue
2025-12-02 12:28:09.701026,0.0,ret_q1_onset
2025-12-02 12:28:10.934026,0.0,ret_q1_resp
2025-12-02 12:28:10.949026,0.0,enc_fixation
2025-12-02 12:28:12.964026,0.0,ret_cue
2025-12-02 12:28:14.942026,0.0,ret_q1_onset
2025-12-02 12:28:16.169026,0.0,ret_q1_resp
2025-12-02 12:28:16.188026,0.0,ret_q2_onset
2025-12-02 12:28:21.183026,0.0,ret_q2_resp
2025-12-02 12:28:21.461026,0.0,ret_q3_onset
2025-12-02 12:28:25.287026,0.0,ret_q3_resp
2025-12-02 12:28:25.291026,0.0,enc_fixation
2025-12-02 12:28:27.307026,0.0,ret_cue
2025-12-02 12:28:29.289026,0.0,ret_q1_onset
2025-12-02 12:28:35.128026,0.0,ret_q1_resp
2025-12-02 12:28:35.145026,0.0,ret_q2_onset
2025-12-02 12:28:38.364026,0.0,ret_q2_resp
2025-12-02 12:28:38.633026,0.0,ret_q3_onset
2025-12-02 12:28:48.676026,0.0,ret_q3_resp
2025-12-02 12:28:48.681026,0.0,enc_fixation
2025-12-02 12:28:50.694026,0.0,ret_cue
2025-12-02 12:28:52.673026,0.0,ret_q1_onset
2025-12-02 12:28:56.002026,0.0,ret_q1_resp
2025-12-02 12:28:56.020026,0.0,ret_q2_onset
2025-12-02 12:28:57.516026,0.0,ret_q2_resp
2025-12-02 12:28:57.774026,0.0,ret_q3_onset
2025-12-02 12:29:02.808026,0.0,ret_q3_resp
2025-12-02 12:29:02.814026,0.0,enc_fixation
2025-12-02 12:29:04.827026,0.0,ret_cue
2025-12-02 12:29:06.806026,0.0,ret_q1_onset
2025-12-02 12:29:07.711026,0.0,ret_q1_resp
2025-12-02 12:29:07.729026,0.0,ret_q2_onset
2025-12-02 12:29:09.690026,0.0,ret_q2_resp
2025-12-02 12:29:09.959026,0.0,ret_q3_onset
2025-12-02 12:29:12.800026,0.0,ret_q3_resp
2025-12-02 12:29:12.806026,0.0,enc_fixation
2025-12-02 12:29:14.819026,0.0,ret_cue
2025-12-02 12:29:16.799026,0.0,ret_q1_onset
2025-12-02 12:29:18.731026,0.0,ret_q1_resp
2025-12-02 12:29:18.746026,0.0,ret_q2_onset
2025-12-02 12:29:20.724026,0.0,ret_q2_resp
2025-12-02 12:29:20.981026,0.0,ret_q3_onset
2025-12-02 12:29:23.946026,0.0,ret_q3_resp
2025-12-02 12:29:23.951026,0.0,enc_fixation
2025-12-02 12:29:25.963026,0.0,ret_cue
2025-12-02 12:29:27.942026,0.0,ret_q1_onset
2025-12-02 12:29:28.475419,0.4978607545704108,BAD_muscle
2025-12-02 12:29:30.321026,0.0,ret_q1_resp
2025-12-02 12:29:30.337026,0.0,ret_q2_onset
2025-12-02 12:29:32.988026,0.0,ret_q2_resp
2025-12-02 12:29:33.237026,0.0,ret_q3_onset
2025-12-02 12:29:36.571026,0.0,ret_q3_resp
2025-12-02 12:29:36.576026,0.0,enc_fixation
2025-12-02 12:29:38.584026,0.0,ret_cue
2025-12-02 12:29:40.573026,0.0,ret_q1_onset
2025-12-02 12:29:42.398026,0.0,ret_q1_resp
2025-12-02 12:29:42.419026,0.0,ret_q2_onset
2025-12-02 12:29:44.370026,0.0,ret_q2_resp
2025-12-02 12:29:44.654026,0.0,ret_q3_onset
2025-12-02 12:29:49.001026,0.0,ret_q3_resp
2025-12-02 12:29:49.007026,0.0,enc_fixation
2025-12-02 12:29:51.021026,0.0,ret_cue
2025-12-02 12:29:53.001026,0.0,ret_q1_onset
2025-12-02 12:29:53.162506,1.352521716582487,BAD_muscle
2025-12-02 12:29:57.460026,0.0,ret_q1_resp
2025-12-02 12:29:57.477026,0.0,ret_q2_onset
2025-12-02 12:30:00.320026,0.0,ret_q2_resp
2025-12-02 12:30:00.582026,0.0,ret_q3_onset
2025-12-02 12:30:08.417026,0.0,ret_q3_resp
2025-12-02 12:30:08.423026,0.0,enc_fixation
2025-12-02 12:30:10.436026,0.0,ret_cue
2025-12-02 12:30:12.413026,0.0,ret_q1_onset
2025-12-02 12:30:16.598026,0.0,ret_q1_resp
2025-12-02 12:30:16.611026,0.0,enc_fixation
2025-12-02 12:30:17.490394,2.1325035654090243,BAD_muscle
2025-12-02 12:30:18.621026,0.0,ret_cue
2025-12-02 12:30:20.599026,0.0,ret_q1_onset
2025-12-02 12:30:21.348026,0.0,ret_q1_resp
2025-12-02 12:30:21.362026,0.0,enc_fixation
2025-12-02 12:30:23.368026,0.0,ret_cue
2025-12-02 12:30:25.357026,0.0,ret_q1_onset
2025-12-02 12:30:26.174026,0.0,ret_q1_resp
2025-12-02 12:30:26.193026,0.0,enc_fixation
2025-12-02 12:30:28.209026,0.0,ret_cue
2025-12-02 12:30:30.188026,0.0,ret_q1_onset
2025-12-02 12:30:32.334026,0.0,ret_q1_resp
2025-12-02 12:30:32.354026,0.0,ret_q2_onset
2025-12-02 12:30:34.708026,0.0,ret_q2_resp
2025-12-02 12:30:34.976026,0.0,ret_q3_onset
2025-12-02 12:30:40.507026,0.0,ret_q3_resp
2025-12-02 12:30:40.513026,0.0,enc_fixation
2025-12-02 12:30:42.528026,0.0,ret_cue
2025-12-02 12:30:44.509026,0.0,ret_q1_onset
2025-12-02 12:30:46.105026,0.0,ret_q1_resp
2025-12-02 12:30:46.122026,0.0,ret_q2_onset
2025-12-02 12:30:46.705615,1.3442240373392451,BAD_muscle
2025-12-02 12:30:47.299026,0.0,ret_q2_resp
2025-12-02 12:30:47.558026,0.0,ret_q3_onset
2025-12-02 12:30:52.000026,0.0,ret_q3_resp
2025-12-02 12:30:52.006026,0.0,enc_fixation
2025-12-02 12:30:54.021026,0.0,ret_cue
2025-12-02 12:30:55.999026,0.0,ret_q1_onset
2025-12-02 12:31:01.160026,0.0,ret_q1_resp
2025-12-02 12:31:01.176026,0.0,ret_q2_onset
2025-12-02 12:31:03.687026,0.0,ret_q2_resp
2025-12-02 12:31:03.954026,0.0,ret_q3_onset
2025-12-02 12:31:06.896026,0.0,ret_q3_resp
2025-12-02 12:31:06.902026,0.0,enc_fixation
2025-12-02 12:31:08.913026,0.0,ret_cue
2025-12-02 12:31:09.996293,1.2280565279397706,BAD_muscle
2025-12-02 12:31:10.897026,0.0,ret_q1_onset
2025-12-02 12:31:16.548026,0.0,ret_q1_resp
2025-12-02 12:31:16.567026,0.0,ret_q2_onset
2025-12-02 12:31:18.972026,0.0,ret_q2_resp
2025-12-02 12:31:19.232026,0.0,ret_q3_onset
2025-12-02 12:31:21.715026,0.0,ret_q3_resp
2025-12-02 12:31:21.720026,0.0,enc_fixation
2025-12-02 12:31:23.729026,0.0,ret_cue
2025-12-02 12:31:25.709026,0.0,ret_q1_onset
2025-12-02 12:31:27.757026,0.0,ret_q1_resp
2025-12-02 12:31:27.769026,0.0,enc_fixation
2025-12-02 12:31:29.779026,0.0,ret_cue
2025-12-02 12:31:31.762026,0.0,ret_q1_onset
2025-12-02 12:31:33.909026,0.0,ret_q1_resp
2025-12-02 12:31:33.927026,0.0,enc_fixation
2025-12-02 12:31:35.944026,0.0,ret_cue
2025-12-02 12:31:37.923026,0.0,ret_q1_onset
2025-12-02 12:31:39.013026,0.0,ret_q1_resp
2025-12-02 12:31:39.029026,0.0,ret_q2_onset
2025-12-02 12:31:40.771026,0.0,ret_q2_resp
2025-12-02 12:31:41.033026,0.0,ret_q3_onset
2025-12-02 12:31:44.346026,0.0,ret_q3_resp
2025-12-02 12:31:44.352026,0.0,enc_fixation
2025-12-02 12:31:46.357026,0.0,ret_cue
2025-12-02 12:31:48.343026,0.0,ret_q1_onset
2025-12-02 12:31:53.187026,0.0,ret_q1_resp
2025-12-02 12:31:53.202026,0.0,ret_q2_onset
2025-12-02 12:32:00.673026,0.0,ret_q2_resp
2025-12-02 12:32:00.926026,0.0,ret_q3_onset
2025-12-02 12:32:06.242026,0.0,ret_q3_resp
2025-12-02 12:32:06.247026,0.0,enc_fixation
2025-12-02 12:32:08.261026,0.0,ret_cue
2025-12-02 12:32:10.243026,0.0,ret_q1_onset
2025-12-02 12:32:11.020026,0.0,ret_q1_resp
2025-12-02 12:32:11.039026,0.0,ret_q2_onset
2025-12-02 12:32:14.048026,0.0,ret_q2_resp
2025-12-02 12:32:14.317026,0.0,ret_q3_onset
2025-12-02 12:32:18.464026,0.0,ret_q3_resp
2025-12-02 12:32:18.716026,0.0,ret_end
